"0","library(gtsummary)"
"0","## importation des données"
"0","library(readr)"
"0","BaseUtile_r <- read_csv(""BaseProjet_R.csv"")"
"0",""
"0","##### Types de variables"
"0","binary <- BaseUtile_r[c(""sexe_r"", ""Delai_r"")]"
"0","multicoto <- BaseUtile_r[c(""diplome_r"", ""Diff2_r"", ""StatutM_r"", ""StatutP_r"", ""Conseil_r"")]"
"0","continu <- BaseUtile_r[c(""Exppro_r"", ""Abs1_r"", ""Abs2_r"")]"
"0",""
"0","# Summary"
"0",""
"0","binary %>% tbl_summary() #table de résumé pour les variables binaires"
