{"chunk_definitions":[{"row":26,"row_count":1,"visible":true,"expansion_state":0,"options":{"engine":"r","label":"setup","include":false},"document_id":"F150C578","chunk_id":"csetup_chunk","chunk_label":"setup"},{"row":160,"row_count":1,"visible":true,"expansion_state":0,"options":{"engine":"r","echo":true,"label":"unnamed-chunk-211"},"document_id":"F150C578","chunk_id":"cz92punqh910s","chunk_label":"unnamed-chunk-5"},{"row":207,"row_count":1,"visible":true,"expansion_state":0,"options":{"engine":"r","echo":true,"label":"unnamed-chunk-212"},"document_id":"F150C578","chunk_id":"cax7bt2r4jv5q","chunk_label":"unnamed-chunk-6"},{"row":237,"row_count":1,"visible":true,"expansion_state":0,"options":{"engine":"r","echo":true,"label":"unnamed-chunk-213"},"document_id":"F150C578","chunk_id":"cvjj07gp71vv4","chunk_label":"unnamed-chunk-7"},{"row":256,"row_count":1,"visible":true,"expansion_state":0,"options":{"engine":"r","echo":true,"label":"unnamed-chunk-214"},"document_id":"F150C578","chunk_id":"ci1ewkt9fxfk7","chunk_label":"unnamed-chunk-8"},{"row":299,"row_count":1,"visible":true,"expansion_state":0,"options":{"engine":"r","echo":true,"label":"unnamed-chunk-215"},"document_id":"F150C578","chunk_id":"cwn9jg087eo60","chunk_label":"unnamed-chunk-10"},{"row":316,"row_count":1,"visible":true,"expansion_state":0,"options":{"engine":"r","echo":true,"label":"unnamed-chunk-216"},"document_id":"F150C578","chunk_id":"cfbsnodmmawbd","chunk_label":"unnamed-chunk-11"},{"row":336,"row_count":1,"visible":true,"expansion_state":0,"options":{"engine":"r","echo":true,"label":"unnamed-chunk-217"},"document_id":"F150C578","chunk_id":"cymz0uyg5p9n8","chunk_label":"unnamed-chunk-12"},{"row":366,"row_count":1,"visible":true,"expansion_state":0,"options":{"engine":"r","echo":true,"label":"unnamed-chunk-218"},"document_id":"F150C578","chunk_id":"ctkg8e0w3jv1j","chunk_label":"unnamed-chunk-15"},{"row":372,"row_count":1,"visible":true,"expansion_state":0,"options":{"engine":"r","echo":true,"label":"unnamed-chunk-219"},"document_id":"F150C578","chunk_id":"cs4fxo8nwd0m8","chunk_label":"unnamed-chunk-16"},{"row":396,"row_count":1,"visible":true,"expansion_state":0,"options":{"engine":"r","echo":true,"label":"unnamed-chunk-220"},"document_id":"F150C578","chunk_id":"cvy35ncidnoua","chunk_label":"unnamed-chunk-18"},{"row":424,"row_count":1,"visible":true,"expansion_state":0,"options":{"engine":"r","echo":true,"label":"unnamed-chunk-221"},"document_id":"F150C578","chunk_id":"cqx35x8rvgl6c","chunk_label":"unnamed-chunk-19"},{"row":544,"row_count":1,"visible":true,"expansion_state":0,"options":{"engine":"r","echo":true,"label":"unnamed-chunk-222"},"document_id":"F150C578","chunk_id":"cgdynnb9k7f9h","chunk_label":"unnamed-chunk-22"},{"row":562,"row_count":1,"visible":true,"expansion_state":0,"options":{"engine":"r","echo":true,"label":"unnamed-chunk-223"},"document_id":"F150C578","chunk_id":"ckbel6zzfv8tf","chunk_label":"unnamed-chunk-23"},{"row":580,"row_count":1,"visible":true,"expansion_state":0,"options":{"engine":"r","echo":true,"label":"unnamed-chunk-224"},"document_id":"F150C578","chunk_id":"cdvv34o1c5vxj","chunk_label":"unnamed-chunk-24"},{"row":596,"row_count":1,"visible":true,"expansion_state":0,"options":{"engine":"r","echo":true,"label":"unnamed-chunk-225"},"document_id":"F150C578","chunk_id":"czx8kegtcpil6","chunk_label":"unnamed-chunk-25"}],"doc_write_time":1687717036,"chunk_rendered_width":413,"working_dir":null,"default_chunk_options":{"eval":false,"message":false,"warning":false,"include":true}}