{"chunk_definitions":[{"row":46,"row_count":1,"visible":true,"expansion_state":0,"options":{},"document_id":"F150C578","chunk_id":"cgc0kbu2v5sxb","chunk_label":"unnamed-chunk-1"},{"row":52,"row_count":1,"visible":true,"expansion_state":0,"options":{},"document_id":"F150C578","chunk_id":"cp0qtgmdo3a61","chunk_label":"unnamed-chunk-2"},{"row":63,"row_count":1,"visible":true,"expansion_state":0,"options":{},"document_id":"F150C578","chunk_id":"cox2s7z4lw1ks","chunk_label":"unnamed-chunk-3"},{"row":132,"row_count":1,"visible":true,"expansion_state":0,"options":{},"document_id":"F150C578","chunk_id":"cki1wg65q5rpp","chunk_label":"unnamed-chunk-4"},{"row":156,"row_count":1,"visible":true,"expansion_state":0,"options":{"engine":"r","echo":true,"label":"unnamed-chunk-211"},"document_id":"F150C578","chunk_id":"cz92punqh910s","chunk_label":"unnamed-chunk-5"},{"row":195,"row_count":1,"visible":true,"expansion_state":0,"options":{"engine":"r","echo":true,"label":"unnamed-chunk-212"},"document_id":"F150C578","chunk_id":"cax7bt2r4jv5q","chunk_label":"unnamed-chunk-6"},{"row":223,"row_count":1,"visible":true,"expansion_state":0,"options":{"engine":"r","echo":true,"label":"unnamed-chunk-213"},"document_id":"F150C578","chunk_id":"cvjj07gp71vv4","chunk_label":"unnamed-chunk-7"},{"row":242,"row_count":1,"visible":true,"expansion_state":0,"options":{"engine":"r","echo":true,"label":"unnamed-chunk-214"},"document_id":"F150C578","chunk_id":"ci1ewkt9fxfk7","chunk_label":"unnamed-chunk-8"},{"row":285,"row_count":1,"visible":true,"expansion_state":0,"options":{"engine":"r","echo":true,"label":"unnamed-chunk-215"},"document_id":"F150C578","chunk_id":"cwn9jg087eo60","chunk_label":"unnamed-chunk-10"},{"row":302,"row_count":1,"visible":true,"expansion_state":0,"options":{"engine":"r","echo":true,"label":"unnamed-chunk-216"},"document_id":"F150C578","chunk_id":"cfbsnodmmawbd","chunk_label":"unnamed-chunk-11"},{"row":322,"row_count":1,"visible":true,"expansion_state":0,"options":{"engine":"r","echo":true,"label":"unnamed-chunk-217"},"document_id":"F150C578","chunk_id":"cymz0uyg5p9n8","chunk_label":"unnamed-chunk-12"},{"row":352,"row_count":1,"visible":true,"expansion_state":0,"options":{"engine":"r","echo":true,"label":"unnamed-chunk-218"},"document_id":"F150C578","chunk_id":"ctkg8e0w3jv1j","chunk_label":"unnamed-chunk-15"},{"row":358,"row_count":1,"visible":true,"expansion_state":0,"options":{"engine":"r","echo":true,"label":"unnamed-chunk-219"},"document_id":"F150C578","chunk_id":"cs4fxo8nwd0m8","chunk_label":"unnamed-chunk-16"},{"row":382,"row_count":1,"visible":true,"expansion_state":0,"options":{"engine":"r","echo":true,"label":"unnamed-chunk-220"},"document_id":"F150C578","chunk_id":"cvy35ncidnoua","chunk_label":"unnamed-chunk-18"},{"row":410,"row_count":1,"visible":true,"expansion_state":0,"options":{"engine":"r","echo":true,"label":"unnamed-chunk-221"},"document_id":"F150C578","chunk_id":"cqx35x8rvgl6c","chunk_label":"unnamed-chunk-19"},{"row":530,"row_count":1,"visible":true,"expansion_state":0,"options":{"engine":"r","echo":true,"label":"unnamed-chunk-222"},"document_id":"F150C578","chunk_id":"cgdynnb9k7f9h","chunk_label":"unnamed-chunk-22"},{"row":547,"row_count":1,"visible":true,"expansion_state":0,"options":{"engine":"r","echo":true,"label":"unnamed-chunk-223"},"document_id":"F150C578","chunk_id":"ckbel6zzfv8tf","chunk_label":"unnamed-chunk-23"},{"row":564,"row_count":1,"visible":true,"expansion_state":0,"options":{"engine":"r","echo":true,"label":"unnamed-chunk-224"},"document_id":"F150C578","chunk_id":"cdvv34o1c5vxj","chunk_label":"unnamed-chunk-24"},{"row":580,"row_count":1,"visible":true,"expansion_state":0,"options":{"engine":"r","echo":true,"label":"unnamed-chunk-225"},"document_id":"F150C578","chunk_id":"czx8kegtcpil6","chunk_label":"unnamed-chunk-25"},{"row":764,"row_count":1,"visible":true,"expansion_state":0,"options":{"engine":"r","echo":true,"label":"unnamed-chunk-226"},"document_id":"F150C578","chunk_id":"ctxz1vco2qhkk","chunk_label":"unnamed-chunk-35"}],"doc_write_time":1687704842,"working_dir":null,"default_chunk_options":{"eval":false,"message":false,"warning":false,"include":true},"chunk_rendered_width":540}