{"chunk_definitions":[{"row":26,"row_count":1,"visible":true,"expansion_state":0,"options":{"engine":"r","label":"setup","include":false},"document_id":"F150C578","chunk_id":"csetup_chunk","chunk_label":"setup"},{"row":161,"row_count":1,"visible":true,"expansion_state":0,"options":{"engine":"r","echo":true,"label":"unnamed-chunk-211"},"document_id":"F150C578","chunk_id":"cz92punqh910s","chunk_label":"unnamed-chunk-5"},{"row":208,"row_count":1,"visible":true,"expansion_state":0,"options":{"engine":"r","echo":true,"label":"unnamed-chunk-212"},"document_id":"F150C578","chunk_id":"cax7bt2r4jv5q","chunk_label":"unnamed-chunk-6"},{"row":238,"row_count":1,"visible":true,"expansion_state":0,"options":{"engine":"r","echo":true,"label":"unnamed-chunk-213"},"document_id":"F150C578","chunk_id":"cvjj07gp71vv4","chunk_label":"unnamed-chunk-7"},{"row":257,"row_count":1,"visible":true,"expansion_state":0,"options":{"engine":"r","echo":true,"label":"unnamed-chunk-214"},"document_id":"F150C578","chunk_id":"ci1ewkt9fxfk7","chunk_label":"unnamed-chunk-8"}],"doc_write_time":1688408327}